[
  {
    "id": "p1",
    "title": "Welcome to Mhh Nation \u2014 Full Blog",
    "lang": "en",
    "category": "General",
    "tags": [
      "welcome",
      "start"
    ],
    "cover": "assets/cover-sample.jpg",
    "content": "# Start Here\\nThis is your full-featured premium blog. Write in Markdown. Use the editor to create posts, upload images, and more.",
    "date": "2025-08-10T10:00:00Z",
    "excerpt": "How to use your premium blog."
  },
  {
    "id": "p2",
    "title": "\u0917\u094d\u0930\u093e\u092e\u0940\u0923 \u0909\u0926\u094d\u092f\u092e - \u0905\u0935\u0938\u0930",
    "lang": "hi",
    "category": "Economy",
    "tags": [
      "bihar",
      "kaam"
    ],
    "cover": "assets/cover-sample.jpg",
    "content": "\u092f\u0939 \u090f\u0915 \u0928\u092e\u0942\u0928\u093e \u0932\u0947\u0916 \u0939\u0948 \u0917\u094d\u0930\u093e\u092e\u0940\u0923 \u0909\u0926\u094d\u092f\u092e\u093f\u0924\u093e \u092a\u0930\u0964",
    "date": "2025-08-09T09:00:00Z",
    "excerpt": "\u0917\u094d\u0930\u093e\u092e\u0940\u0923 \u0935\u093f\u0915\u093e\u0938 \u0915\u0947 \u0932\u093f\u090f \u0938\u0941\u091d\u093e\u0935\u0964"
  },
  {
    "id": "p3",
    "title": "\u0627\u0631\u062f\u0648 \u0627\u062f\u0628 \u06a9\u06cc \u062c\u06be\u0644\u06a9",
    "lang": "ur",
    "category": "Literature",
    "tags": [
      "urdu",
      "adab"
    ],
    "cover": "assets/cover-sample.jpg",
    "content": "\u06cc\u06c1 \u0627\u0631\u062f\u0648 \u0627\u062f\u0628 \u06a9\u06d2 \u0628\u0627\u0631\u06d2 \u0645\u06cc\u06ba \u0627\u06cc\u06a9 \u0646\u0645\u0648\u0646\u06c1 \u0645\u0636\u0645\u0648\u0646 \u06c1\u06d2\u06d4",
    "date": "2025-08-08T08:00:00Z",
    "excerpt": "\u0627\u0631\u062f\u0648 \u0627\u062f\u0628 \u06a9\u0627 \u062a\u0639\u0627\u0631\u0641\u06d4"
  }
]